{"best_win_rates_starting": ["800", "700", "600", "final", "500", "900", "400", "300", "200", "100", "0", "random"], "best_win_rates_second": ["600", "800", "700", "final", "900", "500", "400", "300", "200", "0", "100", "random"], "win_rates_starting": [0.2938181818181818, 0.3590909090909091, 0.366, 0.45363636363636367, 0.5407272727272727, 0.5998181818181818, 0.638, 0.6563636363636364, 0.6583636363636364, 0.6656363636363637, 0.6356363636363637, 0.6509090909090909], "win_rates_second": [0.2554545454545454, 0.34909090909090906, 0.33490909090909093, 0.3518181818181818, 0.44781818181818184, 0.5178181818181817, 0.5274545454545456, 0.56, 0.5359999999999999, 0.5447272727272727, 0.528, 0.5289090909090909]}