{"best_win_rates_starting": ["300", "400", "350", "250", "450", "final", "200", "150", "100", "0", "50", "random"], "best_win_rates_second": ["450", "400", "300", "final", "350", "250", "200", "150", "100", "50", "0", "random"], "win_rates_starting": [0.4472727272727272, 0.5636363636363636, 0.554090909090909, 0.6027272727272727, 0.6336363636363637, 0.6822727272727271, 0.7836363636363636, 0.8231818181818181, 0.7968181818181819, 0.8154545454545455, 0.7672727272727272, 0.7604545454545455], "win_rates_second": [0.15227272727272728, 0.18954545454545454, 0.23045454545454544, 0.24727272727272728, 0.2736363636363637, 0.3063636363636364, 0.3722727272727273, 0.4036363636363637, 0.3768181818181819, 0.40454545454545454, 0.41, 0.40272727272727277]}