{"best_win_rates_starting": ["3_680", "5_280", "1_840", "0_440", "5_360", "1_100", "5_600", "2_600", "1_500", "0_80", "3_560", "2_840", "initial", "0_20", "0_720", "1_820", "1_420", "2_700", "2_520", "2_720", "0_300", "random", "0_700", "0_340", "0_140", "1_60", "0_760", "2_540"], "best_win_rates_second": ["3_680", "2_600", "5_600", "3_560", "2_540", "2_840", "5_280", "2_720", "2_520", "5_360", "0_80", "1_500", "1_420", "2_700", "1_60", "1_100", "1_840", "0_300", "initial", "0_440", "0_760", "0_340", "0_140", "0_720", "0_20", "0_700", "1_820", "random"], "win_rates_starting": [0.4666666666666667, 0.5703703703703704, 0.5659259259259259, 0.6592592592592593, 0.4155555555555555, 0.4703703703703703, 0.4348148148148148, 0.7681481481481482, 0.4348148148148148, 0.5466666666666666, 0.32962962962962966, 0.38, 0.6977777777777777, 0.5251851851851852, 0.66, 0.528888888888889, 0.7696296296296297, 0.49333333333333335, 0.32888888888888884, 0.6762962962962962, 0.5133333333333333, 0.4777777777777778, 0.6051851851851852, 0.642962962962963, 0.9022222222222221, 0.8837037037037037, 0.7014814814814814, 0.6829629629629629], "win_rates_second": [0.18666666666666665, 0.3762962962962963, 0.28814814814814815, 0.4637037037037037, 0.29555555555555557, 0.3844444444444444, 0.31555555555555553, 0.3318518518518519, 0.2733333333333333, 0.29333333333333333, 0.3237037037037037, 0.4096296296296296, 0.4066666666666667, 0.4459259259259259, 0.4459259259259259, 0.257037037037037, 0.3903703703703703, 0.485925925925926, 0.5451851851851851, 0.5740740740740741, 0.4444444444444444, 0.4992592592592593, 0.5437037037037037, 0.5637037037037037, 0.7711111111111111, 0.5037037037037037, 0.48444444444444446, 0.5644444444444444]}