{"best_win_rates_starting": ["218_100", "383_100", "309_0", "278_100", "468_0", "332_0", "224_0", "106_100", "272_0", "215_100", "109_100", "241_100", "227_0", "177_0", "156_100", "148_0", "185_100", "165_100", "103_100", "308_100", "random"], "best_win_rates_second": ["185_100", "218_100", "227_0", "332_0", "308_100", "215_100", "177_0", "103_100", "148_0", "468_0", "272_0", "224_0", "156_100", "106_100", "383_100", "165_100", "309_0", "241_100", "278_100", "109_100", "random"], "win_rates_starting": [0.005, 0.805, 0.8550000000000001, 0.845, 0.825, 0.825, 0.8149999999999998, 0.8300000000000001, 0.8200000000000001, 0.8500000000000002, 0.89, 0.86, 0.835, 0.8400000000000001, 0.8500000000000002, 0.8700000000000001, 0.7900000000000001, 0.875, 0.8600000000000001, 0.8800000000000001, 0.8700000000000001], "win_rates_second": [0.004999999999999999, 0.205, 0.195, 0.15, 0.205, 0.195, 0.18000000000000002, 0.215, 0.265, 0.215, 0.26, 0.195, 0.23999999999999994, 0.18, 0.205, 0.16499999999999998, 0.22499999999999995, 0.18000000000000002, 0.23499999999999996, 0.185, 0.205]}