{"best_win_rates_starting": ["446_0", "439_0", "434_0", "430_300", "295_300", "422_300", "349_100", "383_0", "359_300", "413_300", "407_300", "370_0", "403_100", "405_200", "281_100", "286_300", "365_200", "258_0", "172_300", "223_200", "202_200", "203_0", "154_200", "142_200", "136_300", "149_100", "141_200", "154_100", "126_0", "139_100", "random"], "best_win_rates_second": ["295_300", "446_0", "434_0", "430_300", "439_0", "349_100", "359_300", "370_0", "422_300", "281_100", "286_300", "383_0", "407_300", "413_300", "365_200", "203_0", "405_200", "258_0", "403_100", "223_200", "154_200", "172_300", "202_200", "142_200", "154_100", "136_300", "141_200", "139_100", "149_100", "126_0", "random"], "win_rates_starting": [0.0, 0.25, 0.31666666666666665, 0.16666666666666666, 0.26666666666666666, 0.4166666666666667, 0.2833333333333333, 0.25, 0.4166666666666667, 0.55, 0.5, 0.4166666666666667, 0.5, 0.6, 0.6666666666666666, 0.65, 0.9, 0.8833333333333333, 0.8333333333333334, 0.6333333333333333, 0.7, 0.8333333333333334, 0.6833333333333333, 0.6666666666666666, 0.7, 0.75, 0.8833333333333333, 0.9166666666666666, 0.9666666666666667, 0.9833333333333333, 0.9833333333333333], "win_rates_second": [0.0, 0.15, 0.18333333333333332, 0.16666666666666666, 0.16666666666666666, 0.23333333333333334, 0.15, 0.2, 0.35, 0.3333333333333333, 0.3333333333333333, 0.45, 0.4166666666666667, 0.43333333333333335, 0.5, 0.5, 0.6166666666666667, 0.5666666666666667, 0.55, 0.45, 0.5166666666666667, 0.5, 0.4166666666666667, 0.43333333333333335, 0.5, 0.4666666666666667, 0.5166666666666667, 0.5833333333333334, 0.5833333333333334, 0.5666666666666667, 0.6]}