{"best_win_rates_starting": ["295_300", "286_300", "281_100", "223_200", "258_0", "203_0", "172_300", "202_200", "154_200", "142_200", "141_200", "136_300", "149_100", "154_100", "126_0", "104_200", "139_100", "123_200", "96_0", "107_0", "102_100", "93_200", "79_200", "93_0", "76_300", "95_200", "72_300", "51_200", "83_200", "66_100", "67_0", "61_0", "59_200", "56_300", "32_200", "42_0", "47_200", "40_0", "37_100", "30_200", "29_100", "24_0", "20_200", "22_100", "20_300", "18_0", "18_100", "13_300", "12_200", "9_300", "12_0", "2_300", "11_100", "9_100", "8_200", "0_0", "1_200", "2_100", "initial", "0_100", "random"], "best_win_rates_second": ["295_300", "286_300", "281_100", "258_0", "203_0", "223_200", "172_300", "202_200", "154_200", "154_100", "142_200", "149_100", "104_200", "126_0", "139_100", "107_0", "102_100", "136_300", "141_200", "96_0", "123_200", "93_200", "95_200", "83_200", "79_200", "93_0", "76_300", "67_0", "66_100", "72_300", "61_0", "51_200", "47_200", "42_0", "59_200", "56_300", "40_0", "37_100", "32_200", "30_200", "24_0", "22_100", "29_100", "20_300", "20_200", "13_300", "18_100", "18_0", "12_200", "12_0", "9_300", "11_100", "0_0", "8_200", "9_100", "2_100", "2_300", "1_200", "0_100", "initial", "random"], "win_rates_starting": [0.05, 0.09166666666666666, 0.11666666666666667, 0.075, 0.1, 0.09166666666666666, 0.16666666666666666, 0.15, 0.15, 0.18333333333333332, 0.15833333333333333, 0.175, 0.18333333333333332, 0.25833333333333336, 0.275, 0.26666666666666666, 0.30833333333333335, 0.2833333333333333, 0.3, 0.3333333333333333, 0.3333333333333333, 0.36666666666666664, 0.48333333333333334, 0.43333333333333335, 0.4583333333333333, 0.4666666666666667, 0.4583333333333333, 0.6, 0.49166666666666664, 0.5, 0.525, 0.5416666666666666, 0.5333333333333333, 0.6083333333333333, 0.6666666666666666, 0.6833333333333333, 0.6, 0.6666666666666666, 0.6833333333333333, 0.6416666666666667, 0.7333333333333333, 0.7083333333333334, 0.7583333333333333, 0.725, 0.75, 0.7666666666666667, 0.8, 0.75, 0.8083333333333333, 0.825, 0.7916666666666666, 0.7833333333333333, 0.8333333333333334, 0.8916666666666667, 0.8666666666666667, 0.8916666666666667, 0.925, 0.9, 0.9333333333333333, 0.9416666666666667, 0.9833333333333333], "win_rates_second": [0.05, 0.058333333333333334, 0.13333333333333333, 0.06666666666666667, 0.075, 0.10833333333333334, 0.09166666666666666, 0.125, 0.10833333333333334, 0.19166666666666668, 0.13333333333333333, 0.19166666666666668, 0.2, 0.225, 0.21666666666666667, 0.225, 0.24166666666666667, 0.26666666666666666, 0.2833333333333333, 0.31666666666666665, 0.26666666666666666, 0.3333333333333333, 0.36666666666666664, 0.375, 0.4, 0.4583333333333333, 0.475, 0.48333333333333334, 0.44166666666666665, 0.45, 0.5, 0.5583333333333333, 0.575, 0.5333333333333333, 0.5833333333333334, 0.6, 0.6, 0.5833333333333334, 0.6416666666666667, 0.6083333333333333, 0.6666666666666666, 0.6916666666666667, 0.7083333333333334, 0.6916666666666667, 0.6416666666666667, 0.7083333333333334, 0.6833333333333333, 0.6916666666666667, 0.6666666666666666, 0.725, 0.7166666666666667, 0.725, 0.8, 0.825, 0.8166666666666667, 0.8666666666666667, 0.8333333333333334, 0.8666666666666667, 0.875, 0.8916666666666667, 0.9416666666666667]}