{"best_win_rates_starting": ["800", "700", "600", "400", "300", "200", "500", "1000", "900", "0", "100", "random", "final"], "best_win_rates_second": ["700", "900", "final", "800", "1000", "100", "random", "200", "0", "300", "500", "400", "600"], "win_rates_starting": [0.4466041666666667, 0.6374583333333333, 0.5283958333333333, 1.0, 1.0, 1.0, 0.8053541666666666, 1.0, 1.0, 1.0, 0.7220624999999999, 0.7229583333333333, 0.22204166666666666], "win_rates_second": [0.19506250000000003, 0.12525, 0.2189375, 0.12570833333333334, 0.12520833333333334, 0.12443749999999999, 0.12477083333333333, 0.041416666666666664, 0.4693541666666667, 0.30139583333333336, 0.38637499999999997, 0.2916666666666667, 0.38554166666666667]}