{"best_win_rates_starting": ["800", "600", "500", "final", "900", "700", "400", "300", "200", "100", "0", "random"], "best_win_rates_second": ["600", "800", "final", "400", "700", "500", "900", "300", "200", "100", "0", "random"], "win_rates_starting": [0.30863636363636365, 0.3663636363636364, 0.37363636363636366, 0.4604545454545455, 0.5413636363636364, 0.63, 0.6581818181818182, 0.6640909090909091, 0.6381818181818182, 0.6677272727272728, 0.6427272727272727, 0.6436363636363637], "win_rates_second": [0.25, 0.33181818181818185, 0.33590909090909093, 0.34227272727272723, 0.45909090909090905, 0.5277272727272728, 0.5159090909090909, 0.545, 0.519090909090909, 0.5372727272727271, 0.5127272727272727, 0.5281818181818182]}